name,price,sqft,high_rise,furnished,bath,bed,parking
"Regalia @ Jalan Sultan Ismail, Kuala Lumpur","RM 2,800",864 sqft,High-Rise,Fully furnished,2 bath,2 bed,1 parking
"Puncak Prima Condo, Sri Hartamas, Kuala Lumpur","RM 2,300",1095 sqft,High-Rise,Fully furnished,2 bath,3 bed,2 parking
The Forum Kuala Lumpur,"RM 2,800",1206 sqft,High-Rise,Fully furnished,2 bath,2 bed,1 parking
"Regalia @ Jalan Sultan Ismail, Kuala Lumpur","RM 2,800",864 sqft,High-Rise,Fully furnished,2 bath,2 bed,1 parking
Blok C4 Seksyen 10 Wangsa Maju Kuala Lumpur,RM 850,500 sqft,High-Rise,Unfurnished,2 bath,2 bed,1 parking
"Sentul Utama Condominium, Sentul","RM 1,500",877 sqft,High-Rise,Partially furnished,2 bath,3 bed,1 parking
RESIDENSI GOMBAK 126,"RM 1,300",750 sqft,High-Rise,Partially furnished,2 bath,3 bed,1 parking
Sentul Jaya,RM 500,1900 sqft,Landed,Unfurnished,2 bath,6 bed,0 parking
"Court 28 @ KL City, Sentul Jalan Ipoh","RM 2,500",859 sqft,High-Rise,Fully furnished,2 bath,3 bed,1 parking
"Vivo Residential @ 9 Seputeh, Old Klang Road","RM 3,000",785 sqft,High-Rise,Fully furnished,2 bath,2 bed,1 parking
"KL Gateway, Bangsar South","RM 2,800",879 sqft,High-Rise,Fully furnished,2 bath,2 bed,1 parking
Danau Murni Condominium - Medium room for rent,RM 450,750 sqft,High-Rise,Unfurnished,1 bath,1 bed,0 parking
"Summer Suites, KLCC","RM 3,400",495 sqft,High-Rise,Fully furnished,1 bath,1 bed,1 parking
"Puncak Prima Condo, Sri Hartamas","RM 2,400",1000 sqft,High-Rise,Fully furnished,2 bath,3 bed,2 parking
"Sri Lojing, Wangsa Maju","RM 1,500",900 sqft,High-Rise,Fully furnished,1 bath,2 bed,1 parking
Kenanga Point,RM 500,1050 sqft,High-Rise,Partially furnished,2 bath,1 bed,0 parking
"Heritage, Setapak","RM 1,900",1100 sqft,High-Rise,Fully furnished,2 bath,2 bed,0 parking
villa orkid condominium,"RM 2,300",1643 sqft,High-Rise,Fully furnished,3 bath,3 bed,2 parking
"Seri Riana Residence, Wangsa Maju",RM 800,1382 sqft,High-Rise,Fully furnished,1 bath,1 bed,0 parking
Sri Ampang Hilir Kondominium,"RM 2,300",1267 sqft,High-Rise,Fully furnished,2 bath,4 bed,2 parking
"Gallery U-Thant, Ampang Hilir","RM 9,000",4074 sqft,High-Rise,Partially furnished,4 bath,3 bed,2 parking
"central residence, sungai besi","RM 2,200",880 sqft,High-Rise,Fully furnished,2 bath,2 bed,1 parking
BOULEVARD SERVICE APARTMENT (room),RM 750,1100 sqft,High-Rise,Fully furnished,2 bath,4 bed,2 parking
Citizen @ Old Klang Road ,"RM 2,800",1094 sqft,High-Rise,Fully furnished,4 bath,4 bed,2 parking
chymes condo at gurney kl,"RM 4,000",1372 sqft,High-Rise,Fully furnished,2 bath,3 bed,2 parking
"The Robertson, Pudu","RM 3,480",689 sqft,High-Rise,Fully furnished,1 bath,2 bed,1 parking
"Vogue Suites One @ KL Eco City, Mid Valley City","RM 3,500",797 sqft,High-Rise,Fully furnished,1 bath,2 bed,1 parking
Seasons Garden Residences,"RM 2,000",850 sqft,High-Rise,Fully furnished,4 bath,4 bed,2 parking
288 residence,"RM 2,600",1404 sqft,High-Rise,Fully furnished,3 bath,3 bed,2 parking
"City Gardens, Bukit Ceylon","RM 3,500",1625 sqft,High-Rise,Fully furnished,3 bath,3 bed,1 parking
"Anggun Residences, Dang Wangi","RM 3,000",657 sqft,High-Rise,Fully furnished,2 bath,1 bed,1 parking
"City Gardens, Bukit Ceylon","RM 3,500",1200 sqft,High-Rise,Fully furnished,2 bath,4 bed,1 parking
"6 Ceylon, Bukit Ceylon","RM 4,000",1200 sqft,High-Rise,Fully furnished,2 bath,2 bed,1 parking
"Residency V, Old klang road, KL","RM 2,500",814 sqft,High-Rise,Fully furnished,2 bath,2 bed,2 parking
"Icon Residence (Mont Kiara), Dutamas","RM 4,300",1340 sqft,High-Rise,Fully furnished,2 bath,2 bed,1 parking
"Panorama Residences, Sentul","RM 1,700",1100 sqft,High-Rise,Partially furnished,1 bath,3 bed,1 parking
"Court 28 @ KL City, Sentul","RM 1,700",859 sqft,High-Rise,Unfurnished,3 bath,3 bed,2 parking
"Latitud 3, Petaling Jaya","RM 2,000",653 sqft,High-Rise,Fully furnished,2 bath,1 bed,1 parking
Scott Villa condominium,"RM 3,000",1224 sqft,High-Rise,Fully furnished,2 bath,2 bed,1 parking
"Bangsar Indah, Bangsar","RM 1,600",700 sqft,High-Rise,Unfurnished,1 bath,1 bed,1 parking
"Indah Cempaka, Pandan Indah","RM 1,200",675 sqft,High-Rise,Partially furnished,1 bath,1 bed,1 parking
"Sri Putramas 1, Jalan Kuching","RM 1,500",1100 sqft,High-Rise,Partially furnished,2 bath,3 bed,2 parking
icon residence,"RM 4,588",1775 sqft,High-Rise,Fully furnished,4 bath,2 bed,1 parking
Amadesa Resort Condo,"RM 1,450",1100 sqft,High-Rise,Fully furnished,3 bath,3 bed,1 parking
"The Scott Soho, Old Klang Road","RM 2,000",872 sqft,High-Rise,Fully furnished,2 bath,1 bed,1 parking
"The Reach @ Titiwangsa, Setapak","RM 3,300",1400 sqft,High-Rise,Fully furnished,3 bath,3 bed,2 parking
"CitiZen, Old Klang Road","RM 3,000",1094 sqft,High-Rise,Fully furnished,2 bath,4 bed,2 parking
Southbank Residence UOA @ Old Klang Road,"RM 2,600",953 sqft,High-Rise,Fully furnished,2 bath,3 bed,1 parking
"288 Residency, Setapak","RM 1,980",1416 sqft,High-Rise,Partially furnished,4 bath,4 bed,2 parking
central residence,"RM 2,500",870 sqft,High-Rise,Fully furnished,2 bath,2 bed,2 parking
"288 Residency, Setapak","RM 2,200",1408 sqft,High-Rise,Fully furnished,4 bath,4 bed,2 parking
Prima Setapak Condominium,"RM 1,500",1200 sqft,High-Rise,Unfurnished,2 bath,3 bed,1 parking
38 Bidara Service Apartment,"RM 2,400",700 sqft,High-Rise,Fully furnished,2 bath,2 bed,0 parking
"CitiZen, Old Klang Road","RM 2,500",1092 sqft,High-Rise,Fully furnished,2 bath,3 bed,2 parking
"Suasana Bukit Ceylon, Bukit Ceylon","RM 4,500",1361 sqft,High-Rise,Fully furnished,3 bath,3 bed,0 parking
"The Fennel, Sentul","RM 3,800",1488 sqft,High-Rise,Fully furnished,4 bath,4 bed,2 parking
"Desa Sri Puteri Apartments, Desa Petaling",RM 700,600 sqft,High-Rise,Partially furnished,1 bath,2 bed,0 parking
"Residensi Pandanmas, Pandan Indah","RM 1,300",900 sqft,High-Rise,Partially furnished,2 bath,3 bed,1 parking
"Titiwangsa Sentral, Titiwangsa","RM 2,700",1000 sqft,High-Rise,Fully furnished,2 bath,3 bed,1 parking
"Residensi Pandanmas 2, Pandan Indah","RM 1,600",900 sqft,High-Rise,Unfurnished,1 bath,1 bed,0 parking
"The Haute, Keramat","RM 2,500",1003 sqft,Landed,Partially furnished,2 bath,3 bed,2 parking
"The Haute, Keramat","RM 2,200",1000 sqft,High-Rise,Fully furnished,2 bath,3 bed,3 parking
"M City, Ampang Hilir","RM 1,800",658 sqft,High-Rise,Fully furnished,1 bath,1 bed,1 parking
"Menara Megah, Sentul","RM 2,100",1086 sqft,High-Rise,Fully furnished,1 bath,3 bed,2 parking
"Vista Angkasa, Pantai","RM 2,900",1000 sqft,High-Rise,Fully furnished,2 bath,3 bed,0 parking
"Court 28 @ KL City, Sentul","RM 2,300",859 sqft,High-Rise,Fully furnished,2 bath,2 bed,2 parking
"Menara Megah, Sentul","RM 2,100",1100 sqft,High-Rise,Fully furnished,1 bath,3 bed,2 parking
"Titiwangsa Sentral, Titiwangsa","RM 2,700",1100 sqft,High-Rise,Fully furnished,2 bath,3 bed,1 parking
"Faber Heights, Taman Desa ","RM 1,800",605 sqft,High-Rise,Fully furnished,1 bath,1 bed,1 parking
M-City,"RM 2,500",1000 sqft,High-Rise,Partially furnished,1 bath,1 bed,1 parking
"Summer Suites, KLCC","RM 2,600",495 sqft,High-Rise,Fully furnished,1 bath,1 bed,0 parking
"The Park Residences, Bangsar South","RM 6,900",2068 sqft,High-Rise,Fully furnished,4 bath,4 bed,2 parking
"The Capers, Sentul","RM 2,900",1381 sqft,High-Rise,Partially furnished,3 bath,3 bed,1 parking
"Palm Court, Brickfields","RM 2,000",950 sqft,High-Rise,Fully furnished,1 bath,2 bed,0 parking
"The Robertson, Pudu","RM 2,800",538 sqft,High-Rise,Fully furnished,1 bath,1 bed,1 parking
Desa Villa,"RM 1,900",1200 sqft,High-Rise,Partially furnished,2 bath,3 bed,1 parking
"Court 28 @ KL City, Sentul","RM 2,200",703 sqft,High-Rise,Fully furnished,2 bath,2 bed,1 parking
"Danau Impian, Taman Desa","RM 1,400",990 sqft,High-Rise,Partially furnished,2 bath,3 bed,1 parking
"Faber Indah, Taman Desa","RM 1,250",750 sqft,High-Rise,Fully furnished,1 bath,1 bed,1 parking
"Sentrio Suites, Desa Pandan","RM 2,700",950 sqft,High-Rise,Fully furnished,2 bath,3 bed,1 parking
"La Villas Condominium, Setapak","RM 1,400",1300 sqft,High-Rise,Partially furnished,2 bath,3 bed,1 parking
"Central Residence, Sungai Besi","RM 2,000",1121 sqft,High-Rise,Fully furnished,2 bath,3 bed,2 parking
"Petaling Indah, Sungai Besi","RM 1,400",890 sqft,High-Rise,Fully furnished,2 bath,3 bed,1 parking
"Le Yuan Residence, Kuchai Lama","RM 2,800",1406 sqft,High-Rise,Fully furnished,3 bath,3 bed,2 parking
"Robson Heights, Seputeh","RM 2,700",1480 sqft,High-Rise,Fully furnished,3 bath,4 bed,1 parking
"Sri Kinabalu, Wangsa Maju",RM 410,1200 sqft,High-Rise,Fully furnished,2 bath,4 bed,0 parking
"Central Residence, Sungai Besi","RM 1,300",565 sqft,High-Rise,Partially furnished,1 bath,2 bed,2 parking
"Vivo Residential @ 9 Seputeh, Old Klang Road","RM 2,700",1238 sqft,High-Rise,Partially furnished,2 bath,3 bed,2 parking
"Vivo Residential @ 9 Seputeh, Old Klang Road","RM 2,000",785 sqft,High-Rise,Partially furnished,2 bath,2 bed,1 parking
"Vivo Residential @ 9 Seputeh, Old Klang Road","RM 2,000",785 sqft,High-Rise,Partially furnished,2 bath,2 bed,1 parking
"288 Residences, Kuchai Lama","RM 3,000",1440 sqft,High-Rise,Fully furnished,4 bath,4 bed,1 parking
"Casa Kiara I, Mont Kiara","RM 3,000",1298 sqft,High-Rise,Fully furnished,3 bath,4 bed,2 parking
"South View, Bangsar South","RM 3,200",823 sqft,High-Rise,Fully furnished,2 bath,2 bed,1 parking
"La Villas Condominium, Setapak","RM 1,450",1200 sqft,High-Rise,Partially furnished,2 bath,3 bed,1 parking
"Vivo Residential @ 9 Seputeh, Old Klang Road","RM 2,700",1238 sqft,High-Rise,Partially furnished,2 bath,3 bed,2 parking
"Plaza Prima Setapak, Setapak","RM 1,400",1100 sqft,High-Rise,Partially furnished,2 bath,3 bed,2 parking
"Sri Intan 2, Jalan Ipoh","RM 1,300",1221 sqft,High-Rise,Partially furnished,1 bath,1 bed,1 parking
"Vivo Residential @ 9 Seputeh, Old Klang Road","RM 3,000",2188 sqft,High-Rise,Partially furnished,2 bath,3 bed,2 parking
"D'Sands Residence, Old Klang Road","RM 1,050",900 sqft,High-Rise,Fully furnished,1 bath,1 bed,1 parking
"Faber Ria, Taman Desa","RM 1,900",1100 sqft,High-Rise,Fully furnished,2 bath,2 bed,1 parking
"Sri Intan 2, Jalan Ipoh","RM 1,300",1216 sqft,High-Rise,Fully furnished,2 bath,3 bed,1 parking
"South View, Bangsar South","RM 2,000",815 sqft,High-Rise,Unfurnished,2 bath,2 bed,1 parking
"menara belfield, kampung atap","RM 1,900",1069 sqft,High-Rise,Fully furnished,3 bath,3 bed,1 parking
"Midfields, Sungai Besi","RM 2,000",1074 sqft,High-Rise,Partially furnished,2 bath,3 bed,2 parking
"Permai Ria, Jalan Ipoh","RM 1,100",800 sqft,High-Rise,Unfurnished,3 bath,1 bed,1 parking
"Tiffani Kiara, Mont Kiara","RM 5,800",2257 sqft,High-Rise,Fully furnished,4 bath,3 bed,2 parking
"Anggun Puri, Dutamas","RM 1,500",900 sqft,High-Rise,Partially furnished,2 bath,3 bed,1 parking
"Anggun Puri, Dutamas","RM 1,800",1850 sqft,High-Rise,Unfurnished,3 bath,4 bed,4 parking
"DeSkye Residence, Jalan Ipoh","RM 1,500",1037 sqft,High-Rise,Partially furnished,2 bath,3 bed,2 parking
"Trinity Aquata, Sungai Besi","RM 1,800",1151 sqft,High-Rise,Partially furnished,2 bath,3 bed,2 parking
desa villa,"RM 2,000",1250 sqft,High-Rise,Partially furnished,2 bath,2 bed,0 parking
"Platinum Lake PV21, Setapak","RM 1,600",900 sqft,High-Rise,Partially furnished,2 bath,2 bed,1 parking
"ZetaPark, Setapak","RM 1,500",618 sqft,High-Rise,Partially furnished,1 bath,1 bed,1 parking
"Arte +, Jalan Ampang","RM 2,390",781 sqft,High-Rise,Fully furnished,2 bath,2 bed,1 parking
"Arte +, Jalan Ampang","RM 2,200",808 sqft,High-Rise,Partially furnished,2 bath,3 bed,2 parking
"Prima Setapak I, Setapak","RM 1,300",1000 sqft,High-Rise,Partially furnished,2 bath,3 bed,1 parking
"Trinity Aquata, Sungai Besi","RM 2,000",893 sqft,High-Rise,Fully furnished,2 bath,3 bed,2 parking
"One Mesraria, Old Klang Road","RM 1,950",1300 sqft,High-Rise,Partially furnished,2 bath,3 bed,2 parking
"Cendana Apartment, Bandar Sri Permaisuri",RM 850,650 sqft,High-Rise,Unfurnished,2 bath,3 bed,0 parking
"Platinum Lake PV15, Setapak",RM 450,1400 sqft,High-Rise,Fully furnished,2 bath,4 bed,1 parking
"Trinity Aquata, Sungai Besi","RM 2,000",1151 sqft,High-Rise,Partially furnished,2 bath,3 bed,2 parking
"Midfields 2, Sungai Besi","RM 1,600",1019 sqft,High-Rise,Partially furnished,2 bath,2 bed,1 parking
"The Nest, Setapak","RM 2,000",860 sqft,High-Rise,Fully furnished,2 bath,3 bed,1 parking
"Cendana Apartment, Bandar Sri Permaisuri",RM 850,650 sqft,High-Rise,Unfurnished,2 bath,3 bed,0 parking
"Abadi Villa, Taman Desa","RM 1,700",1280 sqft,High-Rise,Fully furnished,2 bath,3 bed,1 parking
"Lido Residency, Bandar Sri Permaisuri","RM 2,300",1108 sqft,High-Rise,Partially furnished,2 bath,3 bed,1 parking
"MH Platinum Residency, Setapak","RM 1,750",1018 sqft,High-Rise,Partially furnished,2 bath,3 bed,1 parking
"Amadesa, Desa Petaling",RM 310,750 sqft,High-Rise,Partially furnished,2 bath,2 bed,1 parking
Clearwater Residence,"RM 3,600",988 sqft,High-Rise,Fully furnished,1 bath,1 bed,1 parking
"M City, Ampang Hilir","RM 3,000",981 sqft,High-Rise,Fully furnished,2 bath,1 bed,1 parking
the reach @ titiwangsa,"RM 1,390",350 sqft,High-Rise,Fully furnished,1 bath,1 bed,0 parking
"Taman Sri Sinar, Segambut","RM 1,200",592 sqft,Landed,Partially furnished,2 bath,3 bed,0 parking
"Bayu Sentul, Sentul","RM 1,800",1630 sqft,High-Rise,Partially furnished,3 bath,4 bed,2 parking
"Ascenda Residence @ SkyArena, Setapak","RM 2,000",900 sqft,High-Rise,Fully furnished,2 bath,3 bed,2 parking
"Merc Residence, Taman Desa","RM 1,700",1067 sqft,High-Rise,Fully furnished,2 bath,2 bed,1 parking
"Plaza Damas 3, Sri Hartamas","RM 1,500",431 sqft,High-Rise,Unfurnished,1 bath,1 bed,0 parking
"Sri Putramas II, Dutamas","RM 2,200",1170 sqft,High-Rise,Fully furnished,2 bath,3 bed,1 parking
"Sri Intan Block C, Jalan Ipoh","RM 1,300",1200 sqft,High-Rise,Fully furnished,3 bath,3 bed,1 parking
"Residensi Sefina, Mont Kiara","RM 4,700",1333 sqft,High-Rise,Partially furnished,2 bath,3 bed,2 parking
"Menara Orkid, Sentul",RM 500,800 sqft,High-Rise,Partially furnished,2 bath,1 bed,0 parking
"Dex @ Kiara East, Jalan Ipoh","RM 2,200",698 sqft,High-Rise,Fully furnished,1 bath,2 bed,1 parking
"Dex @ Kiara East, Jalan Ipoh","RM 1,800",698 sqft,High-Rise,Fully furnished,1 bath,2 bed,1 parking
The Sybaris,"RM 3,900",904 sqft,High-Rise,Fully furnished,1 bath,1 bed,2 parking
Blok 25 Bandar Baru Sentul,"RM 1,000",550 sqft,High-Rise,Unfurnished,1 bath,2 bed,0 parking
sentrio pandan Facing KLCC,"RM 900,000",950 sqft,High-Rise,Fully furnished,2 bath,3 bed,2 parking
"m city, jalan ampang","RM 6,250",1920 sqft,High-Rise,Fully furnished,3 bath,3 bed,1 parking
"viva residency, jalan ipoh","RM 1,600",900 sqft,High-Rise,Fully furnished,2 bath,2 bed,0 parking
titiwangsa sentral,"RM 2,250",1100 sqft,High-Rise,Partially furnished,3 bath,3 bed,1 parking
"viva residency, jalan ipoh","RM 1,600",900 sqft,High-Rise,Fully furnished,2 bath,2 bed,0 parking
"suasana bukit ceylon, kl city centre","RM 4,500",1400 sqft,High-Rise,Fully furnished,3 bath,3 bed,2 parking
"Tiara Faber, Taman Desa","RM 2,100",1250 sqft,High-Rise,Fully furnished,2 bath,3 bed,1 parking
"Spring Avenue, Kuchai Lama","RM 2,400",986 sqft,High-Rise,Fully furnished,2 bath,3 bed,2 parking
exsim | expressionz professional suites @ tun razak ,"RM 3,000",320 sqft,High-Rise,Fully furnished,1 bath,1 bed,0 parking
Fraser Residences,"RM 5,000",904 sqft,High-Rise,Fully furnished,1 bath,1 bed,1 parking
Flexus Signature Suite,"RM 2,000",563 sqft,High-Rise,Fully furnished,1 bath,1 bed,1 parking
Kiara East Suite DEX 2.0,"RM 1,650",1010 sqft,High-Rise,Partially furnished,3 bath,3 bed,1 parking
marc residence,"RM 3,000",500 sqft,High-Rise,Fully furnished,1 bath,1 bed,1 parking
H6 Pandan Jaya,"RM 1,180",988 sqft,High-Rise,Partially furnished,1 bath,3 bed,1 parking
The Saffron Sentul,"RM 2,300",1087 sqft,High-Rise,Fully furnished,2 bath,3 bed,1 parking
"Sang Suria, Sentul",RM 400,1200 sqft,High-Rise,Fully furnished,1 bath,1 bed,0 parking
"EkoCheras, Cheras","RM 2,200",762 sqft,High-Rise,Fully furnished,2 bath,1 bed,1 parking
"Southbank Residence, Old Klang Road","RM 2,500",953 sqft,High-Rise,Fully furnished,2 bath,3 bed,1 parking
"Sri Pelangi, Setapak","RM 1,500",1000 sqft,High-Rise,Fully furnished,2 bath,3 bed,1 parking
"Southbank Residence, Old Klang Road","RM 2,200",785 sqft,High-Rise,Partially furnished,2 bath,2 bed,1 parking
"Southbank Residence, Old Klang Road","RM 1,000",953 sqft,High-Rise,Fully furnished,1 bath,1 bed,0 parking
"Vista Amani, Bandar Sri Permaisuri","RM 1,350",1101 sqft,Landed,Partially furnished,2 bath,3 bed,1 parking
"Kuchai Avenue, Kuchai Lama","RM 1,800",950 sqft,High-Rise,Unfurnished,2 bath,3 bed,0 parking
"m suites, jalan ampang","RM 3,200",960 sqft,High-Rise,Fully furnished,2 bath,2 bed,2 parking
Taman Bukit Angerrik,RM 900,688 sqft,Landed,Partially furnished,2 bath,2 bed,1 parking
1 Sentul Condominium,"RM 2,500",1355 sqft,High-Rise,Fully furnished,2 bath,3 bed,2 parking
"menara duta 2 condo, dutamas","RM 1,800",1453 sqft,High-Rise,Partially furnished,4 bath,4 bed,1 parking
dua residency,"RM 5,900",2315 sqft,High-Rise,Fully furnished,5 bath,5 bed,2 parking
"sri putramas condo 1, jalan kuching","RM 1,700",1050 sqft,High-Rise,Fully furnished,3 bath,3 bed,1 parking
"Glomac Damansara Residences, TTDI","RM 2,800",1100 sqft,High-Rise,Partially furnished,2 bath,3 bed,1 parking
covillea condominium,"RM 2,400",1518 sqft,High-Rise,Partially furnished,3 bath,4 bed,1 parking
"Terrace house in taman dato senu, sentul","RM 1,500",1000 sqft,Landed,Unfurnished,2 bath,3 bed,1 parking
"Pelangi Condominium, Sentul","RM 430,000",1223 sqft,High-Rise,Fully furnished,2 bath,3 bed,1 parking
"Salak South Garden, Sungai Besi","RM 1,700",1540 sqft,Landed,Unfurnished,2 bath,4 bed,0 parking
"central residence, sungai besi","RM 1,600",800 sqft,High-Rise,Fully furnished,2 bath,2 bed,2 parking
Arte+ Jalan Ampang KLCC view (Available from AUG 2019 onwards),"RM 2,500",684 sqft,High-Rise,Fully furnished,1 bath,1 bed,1 parking
"Central Residence, Sungai Besi","RM 1,600",738 sqft,High-Rise,Partially furnished,2 bath,2 bed,1 parking
28 Boulevard Pandan Perdana,"RM 1,200",450 sqft,High-Rise,Partially furnished,1 bath,1 bed,1 parking
"Residensi Premium 2, KL Gateway,","RM 4,800",1399 sqft,High-Rise,Fully furnished,3 bath,3 bed,1 parking
"mont kiara palma, mont kiara","RM 3,000",1200 sqft,High-Rise,Partially furnished,3 bath,3 bed,1 parking
"Residensi Premium 2, KL Gateway,","RM 5,000",1399 sqft,High-Rise,Fully furnished,3 bath,3 bed,1 parking
"Casa Idaman, Jalan Ipoh","RM 1,700",1007 sqft,High-Rise,Fully furnished,2 bath,2 bed,1 parking
"sri kinabalu, wangsa maju","RM 2,000",1900 sqft,High-Rise,Partially furnished,4 bath,4 bed,1 parking
"menara bukit ceylon, kl city centre","RM 3,600",1420 sqft,High-Rise,Fully furnished,4 bath,4 bed,1 parking
pertama residency,"RM 1,500",610 sqft,High-Rise,Fully furnished,1 bath,1 bed,1 parking
"verve suites, mont kiara","RM 2,500",468 sqft,High-Rise,Fully furnished,1 bath,1 bed,1 parking
"28 Boulevard, Pandan Perdana","RM 1,600",450 sqft,Landed,Fully furnished,1 bath,1 bed,1 parking
"Verve Suites, Mont Kiara","RM 2,900",462 sqft,High-Rise,Fully furnished,1 bath,1 bed,1 parking
"The Elements, Ampang Hilir","RM 1,800",650 sqft,High-Rise,Fully furnished,1 bath,1 bed,1 parking
"casa idaman, jalan ipoh","RM 1,500",1007 sqft,High-Rise,Partially furnished,3 bath,3 bed,2 parking
ROOM FOR RENT (TERRACE HOUSE),RM 275,250 sqft,Landed,Partially furnished,3 bath,5 bed,4 parking
Expressionz by Mykeyglobal,"RM 4,650",674 sqft,High-Rise,Fully furnished,1 bath,1 bed,0 parking
"Sri Wangsaria, Bangsar","RM 4,300",1499 sqft,Landed,Partially furnished,2 bath,3 bed,1 parking
"Casa Mutiara, Bukit Bintang","RM 1,350",355 sqft,High-Rise,Fully furnished,1 bath,1 bed,0 parking
"Casa Mutiara Studio, Bukit Bintang","RM 1,350",355 sqft,High-Rise,Fully furnished,1 bath,1 bed,0 parking
"Seasons Garden Residences, Wangsa Maju","RM 1,800",770 sqft,High-Rise,Partially furnished,2 bath,3 bed,0 parking
"windsor tower, sri hartamas","RM 1,800",500 sqft,High-Rise,Fully furnished,1 bath,1 bed,0 parking
"Lakeville Residence, Jalan Ipoh","RM 2,000",1071 sqft,High-Rise,Partially furnished,2 bath,3 bed,2 parking
"mayfair service apartment, sri hartamas","RM 1,300",420 sqft,High-Rise,Fully furnished,1 bath,1 bed,0 parking
"KL Palace Court, Kuchai Lama","RM 1,800",1328 sqft,Landed,Partially furnished,2 bath,3 bed,2 parking
"Lakeville Residence, Jalan Ipoh","RM 4,000",1359 sqft,High-Rise,Fully furnished,2 bath,3 bed,2 parking
"Waldorf Tower, Sri Hartamas","RM 3,500",1462 sqft,High-Rise,Fully furnished,3 bath,3 bed,1 parking
"Lakeville Residence, Jalan Ipoh","RM 1,800",948 sqft,High-Rise,Partially furnished,2 bath,3 bed,2 parking
"VIVO Suites @ 9 Seputeh, Old Klang Road","RM 1,500",400 sqft,High-Rise,Unfurnished,1 bath,1 bed,0 parking
"widuri impian condo, desa petaling","RM 1,350",956 sqft,High-Rise,Partially furnished,3 bath,3 bed,1 parking
"Lakeville Residence, Jalan Ipoh","RM 2,300",1350 sqft,High-Rise,Partially furnished,2 bath,4 bed,2 parking
38 bidara,"RM 2,500",782 sqft,High-Rise,Fully furnished,2 bath,2 bed,0 parking
Sky Awani Condominium,"RM 2,000",800 sqft,High-Rise,Fully furnished,2 bath,3 bed,1 parking
"Menara Pelangi, Brickfields","RM 510,000",967 sqft,High-Rise,Fully furnished,2 bath,3 bed,1 parking
Central Residence sungai Besi,"RM 1,600",1122 sqft,High-Rise,Partially furnished,3 bath,3 bed,2 parking
Sri TTDI condominium,"RM 2,600",1200 sqft,High-Rise,Partially furnished,3 bath,3 bed,1 parking
"3 Towers, Ampang Hilir","RM 2,200",869 sqft,High-Rise,Partially furnished,1 bath,1 bed,0 parking
"warisan cityview, cheras","RM 1,380",910 sqft,High-Rise,Partially furnished,3 bath,3 bed,1 parking
bintang mas,RM 650,500 sqft,High-Rise,Fully furnished,1 bath,1 bed,0 parking
exsim | expressionz professional suites @ tun razak,"RM 6,100",921 sqft,High-Rise,Fully furnished,2 bath,2 bed,1 parking
3-Bedroom Fully Furnished Low Density Setapak Condo - 15mins To KL,"RM 1,900",1124 sqft,High-Rise,Fully furnished,2 bath,3 bed,2 parking
Vista Amani Condominium,"RM 1,600",1100 sqft,High-Rise,Partially furnished,2 bath,4 bed,1 parking
"Changkat View, Dutamas","RM 1,900",1100 sqft,High-Rise,Partially furnished,2 bath,3 bed,1 parking
hijauan kiara,"RM 6,800",2090 sqft,High-Rise,Fully furnished,2 bath,3 bed,2 parking
ascadia,"RM 360,000",930 sqft,High-Rise,Partially furnished,2 bath,3 bed,0 parking
The elements @ Jalan Ampang,"RM 2,800",850 sqft,High-Rise,Fully furnished,2 bath,2 bed,1 parking
"the capers, sentul east","RM 2,350",1000 sqft,High-Rise,Fully furnished,2 bath,2 bed,1 parking
"The Valley TTDI, Ampang","RM 14,900",5850 sqft,Landed,Fully furnished,4 bath,4 bed,0 parking
Bukit Pandan 1,"RM 1,150",1100 sqft,High-Rise,Partially furnished,2 bath,3 bed,1 parking
"222 residency, setapak","RM 1,500",1102 sqft,High-Rise,Partially furnished,3 bath,3 bed,1 parking
"KL Palace Court, Kuchai Lama","RM 1,900",1313 sqft,High-Rise,Partially furnished,2 bath,3 bed,2 parking
"Saville @ The Park, Pantai","RM 2,500",1253 sqft,High-Rise,Fully furnished,2 bath,3 bed,2 parking
Ceriaan Kiara,"RM 5,000",2171 sqft,High-Rise,Partially furnished,3 bath,3 bed,2 parking
"de tropicana, kuchai lama",RM 350,1102 sqft,High-Rise,Partially furnished,2 bath,1 bed,0 parking
"Desa Cindaimas, Old Klang Road","RM 2,200",1400 sqft,High-Rise,Unfurnished,3 bath,3 bed,1 parking
zeta deskye residence,"RM 1,500",1037 sqft,High-Rise,Partially furnished,3 bath,3 bed,1 parking
"Waldorf Tower, Sri Hartamas","RM 2,000",680 sqft,High-Rise,Fully furnished,1 bath,1 bed,0 parking
"Setia Sky Residences, KLCC","RM 2,500",700 sqft,High-Rise,Fully furnished,1 bath,1 bed,1 parking
"Setia Sky Residences, KLCC","RM 3,200",1055 sqft,High-Rise,Fully furnished,1 bath,3 bed,1 parking
"1 Razak Mansion, Sungai Besi","RM 1,200",800 sqft,High-Rise,Unfurnished,2 bath,3 bed,1 parking
"Sentrovue, Kuala Selangor",RM 850,842 sqft,High-Rise,Partially furnished,2 bath,3 bed,1 parking
Binjai 8,"RM 2,900",753 sqft,High-Rise,Fully furnished,2 bath,1 bed,0 parking
Suasana Sentral Loft,"RM 4,500",1459 sqft,High-Rise,Fully furnished,3 bath,3 bed,0 parking
Flat Kenari Puncak Alam,RM 520,600 sqft,High-Rise,Partially furnished,3 bath,3 bed,0 parking
the robertson,"RM 3,500",688 sqft,High-Rise,Fully furnished,2 bath,2 bed,1 parking
anggun residences sales gallery,"RM 3,800",657 sqft,High-Rise,Fully furnished,1 bath,1 bed,1 parking
The Robertson Residences Bukit Bintang,"RM 2,900",646 sqft,High-Rise,Fully furnished,1 bath,1 bed,1 parking
Woodlands Apartment KL,"RM 1,800",1100 sqft,High-Rise,Partially furnished,2 bath,2 bed,2 parking
"2895 Kalakaua Ave, Honolulu, HI 96815","RM 1,650",845 sqft,High-Rise,Fully furnished,1 bath,1 bed,1 parking
The Robertson Residences Bukit Bintang,"RM 3,500",689 sqft,High-Rise,Fully furnished,2 bath,2 bed,1 parking
Pangsapuri Impian Bandar saujana putra,RM 650,650 sqft,High-Rise,Partially furnished,2 bath,3 bed,0 parking
"dahlia apartment, setapak","RM 1,200",862 sqft,High-Rise,Unfurnished,3 bath,3 bed,1 parking
seasons garden residence,"RM 1,900",850 sqft,High-Rise,Fully furnished,4 bath,4 bed,1 parking
Casa Suites,"RM 1,800",864 sqft,High-Rise,Fully furnished,2 bath,2 bed,0 parking
desa sri puteri,RM 700,600 sqft,High-Rise,Partially furnished,2 bath,2 bed,0 parking
Bukit pandan condo 2,"RM 1,150",1100 sqft,High-Rise,Partially furnished,2 bath,3 bed,1 parking
The Loft/zetapark ,"RM 1,600",689 sqft,High-Rise,Partially furnished,2 bath,2 bed,1 parking
rampai court apartment fasa 1,RM 900,650 sqft,High-Rise,Unfurnished,1 bath,1 bed,2 parking
Wisma Indah (Shen Court),"RM 1,300",850 sqft,High-Rise,Partially furnished,2 bath,2 bed,0 parking
vivo residential suites @ 9 seputeh condominium (nine seputeh),"RM 2,000",785 sqft,High-Rise,Partially furnished,2 bath,2 bed,1 parking
pj midtown,"RM 2,600",915 sqft,High-Rise,Fully furnished,2 bath,2 bed,2 parking
"royal domain, jalan kuching","RM 2,250",1400 sqft,High-Rise,Partially furnished,3 bath,3 bed,1 parking
Desa Green,"RM 1,900",715 sqft,High-Rise,Fully furnished,2 bath,2 bed,1 parking
tivoli villas,"RM 2,500",1100 sqft,High-Rise,Fully furnished,2 bath,2 bed,1 parking
kepong,RM 850,933 sqft,High-Rise,Unfurnished,3 bath,3 bed,0 parking
seri puteri condo,"RM 1,700",1100 sqft,High-Rise,Partially furnished,3 bath,3 bed,2 parking
"Section 17, Petaling Jaya","RM 2,600",2000 sqft,Landed,Unfurnished,1 bath,1 bed,1 parking
"Millennium Square, Petaling Jaya","RM 2,300",980 sqft,High-Rise,Fully furnished,2 bath,3 bed,1 parking
Taman Sri Sinar,RM 420,630 sqft,Landed,Partially furnished,2 bath,3 bed,1 parking
Landed room bilik near LRT and AEON 016-9743361,RM 330,1800 sqft,Landed,Partially furnished,3 bath,3 bed,0 parking
Sucasa Hotel Apartments,"RM 2,000",689 sqft,High-Rise,Fully furnished,1 bath,1 bed,0 parking
Casa Damansara 2 (SS2),"RM 2,000",1100 sqft,High-Rise,Partially furnished,3 bath,3 bed,1 parking
vista amani,"RM 1,440",1010 sqft,High-Rise,Partially furnished,4 bath,4 bed,1 parking
Irama Wangsa,"RM 2,600",1050 sqft,High-Rise,Partially furnished,2 bath,3 bed,2 parking
Flat Behind Pearl Point,RM 750,650 sqft,High-Rise,Unfurnished,2 bath,2 bed,0 parking
Jack,"RM 2,200",999 sqft,High-Rise,Partially furnished,3 bath,3 bed,2 parking
"Seasons Garden Residences, Wangsa Maju",RM 350,950 sqft,High-Rise,Partially furnished,2 bath,3 bed,0 parking
Midfields,"RM 1,800",1047 sqft,High-Rise,Fully furnished,2 bath,3 bed,2 parking
vortex suites klcc,"RM 3,700",700 sqft,High-Rise,Fully furnished,2 bath,2 bed,0 parking
"Suite Vivo , 9 Seputeh","RM 1,600",480 sqft,High-Rise,Partially furnished,0 bath,0 bed,0 parking
villa wangsamas condominium,"RM 2,300",1267 sqft,High-Rise,Fully furnished,3 bath,3 bed,1 parking
Small Room J Dupion Service Residence,RM 580,814 sqft,High-Rise,Fully furnished,1 bath,1 bed,0 parking
Ampang Point Taman Duta Suria,"RM 5,300",3600 sqft,Landed,Partially furnished,6 bath,5 bed,2 parking
citizen,"RM 2,800",1094 sqft,High-Rise,Fully furnished,4 bath,4 bed,2 parking
spring avenue service residences,"RM 1,700",986 sqft,High-Rise,Partially furnished,3 bath,3 bed,2 parking
Midfields Condo,"RM 2,000",1139 sqft,High-Rise,Fully furnished,2 bath,3 bed,2 parking
M-City,"RM 2,300",781 sqft,High-Rise,Fully furnished,1 bath,1 bed,1 parking
southbank residence,"RM 2,300",953 sqft,High-Rise,Fully furnished,3 bath,3 bed,1 parking
MyHabitat,"RM 3,500",850 sqft,High-Rise,Fully furnished,1 bath,2 bed,1 parking
the horizon,"RM 3,000",650 sqft,High-Rise,Fully furnished,1 bath,1 bed,1 parking
Centrestage,"RM 1,800",580 sqft,High-Rise,Partially furnished,2 bath,2 bed,1 parking
Langkawi APARTMENT ,"RM 1,180",835 sqft,High-Rise,Unfurnished,3 bath,3 bed,1 parking
putra majestik,"RM 1,700",1020 sqft,High-Rise,Fully furnished,3 bath,3 bed,1 parking
"Section 14, Petaling Jaya",RM 600,2000 sqft,Landed,Fully furnished,1 bath,1 bed,1 parking
The Park Residences,"RM 6,000",1910 sqft,High-Rise,Fully furnished,3 bath,4 bed,2 parking
PJ MIDTOWN,"RM 2,500",916 sqft,High-Rise,Fully furnished,2 bath,2 bed,2 parking
ROBSON CONDOMINIUM,"RM 4,500",1500 sqft,High-Rise,Fully furnished,3 bath,3 bed,0 parking
28 Boulevard,"RM 1,400",450 sqft,High-Rise,Partially furnished,0 bath,0 bed,1 parking
Pangsapuri Bangsar Utama,"RM 3,000",915 sqft,High-Rise,Partially furnished,3 bath,3 bed,1 parking
FLAT PANDAN JAYA,RM 350,0 sqft,High-Rise,Partially furnished,1 bath,0 bed,1 parking
Taman Gasing Indah,"RM 2,500",2100 sqft,Landed,Unfurnished,4 bath,4 bed,1 parking
putra suria residensi,"RM 1,500",790 sqft,High-Rise,Fully furnished,3 bath,3 bed,1 parking
Tan Chai Peng,"RM 2,500",1085 sqft,High-Rise,Fully furnished,3 bath,3 bed,1 parking
infiniti 3 residences,"RM 2,800",1085 sqft,High-Rise,Fully furnished,3 bath,3 bed,2 parking
Flexus signature suites,"RM 1,650",530 sqft,High-Rise,Fully furnished,1 bath,1 bed,1 parking
Karisma ECO Majestic,RM 700,850 sqft,High-Rise,Partially furnished,2 bath,3 bed,2 parking
Room for rent for female,RM 550,999 sqft,High-Rise,Fully furnished,1 bath,1 bed,0 parking
"Centrestage, Petaling Jaya",RM 450,1111 sqft,High-Rise,Partially furnished,1 bath,1 bed,0 parking
"Small Room Bayu @ Pandan Jaya, Pandan Indah",RM 540,400 sqft,High-Rise,Fully furnished,1 bath,1 bed,0 parking
Vivo 9 Seputeh,"RM 1,400",506 sqft,High-Rise,Partially furnished,1 bath,1 bed,0 parking
"University Tower, Petaling Jaya",RM 327,1200 sqft,High-Rise,Partially furnished,1 bath,1 bed,0 parking
Villa Orkid Condo,"RM 3,000",1893 sqft,High-Rise,Partially furnished,3 bath,3 bed,2 parking
the elements @ ampang,"RM 1,800",520 sqft,High-Rise,Fully furnished,1 bath,1 bed,1 parking
"Pangsapuri Cemara, Bandar Sri Permaisuri","RM 1,900",800 sqft,High-Rise,Fully furnished,3 bath,3 bed,1 parking
Seputeh Permai,"RM 2,400",1300 sqft,High-Rise,Fully furnished,2 bath,3 bed,1 parking
Royal Domain,"RM 2,000",1400 sqft,High-Rise,Unfurnished,1 bath,1 bed,0 parking
"One Ampang Avenue, Ampang","RM 1,800",1400 sqft,High-Rise,Partially furnished,3 bath,4 bed,2 parking
"PERMAI RIA KONDOMINIUM, Jalan Ipoh","RM 1,200",940 sqft,High-Rise,Unfurnished,2 bath,3 bed,1 parking
regalia service apartment,"RM 2,400",800 sqft,High-Rise,Fully furnished,1 bath,1 bed,0 parking
Sri Putramas 2 Condo (Royal Domain),"RM 1,800",1295 sqft,High-Rise,Partially furnished,2 bath,3 bed,1 parking
One-Stop Residence,"RM 2,200",1600 sqft,High-Rise,Fully furnished,2 bath,2 bed,0 parking
The Edge USJ 1 Condo,"RM 2,300",647 sqft,High-Rise,Unfurnished,2 bath,2 bed,1 parking
M CITY,"RM 2,500",500 sqft,High-Rise,Fully furnished,1 bath,1 bed,1 parking
Langkawi Apartment ,"RM 1,180",835 sqft,High-Rise,Unfurnished,3 bath,3 bed,1 parking
central residence,"RM 1,500",956 sqft,High-Rise,Partially furnished,3 bath,3 bed,2 parking
Madumas setapak,"RM 1,700",1600 sqft,High-Rise,Unfurnished,2 bath,4 bed,1 parking
The Saffron Condominuum,"RM 2,200",1087 sqft,High-Rise,Fully furnished,2 bath,3 bed,1 parking
Saffron Hill Denai Alam,"RM 2,000",2500 sqft,Landed,Unfurnished,4 bath,4 bed,2 parking
"Gasing Indah, Section 5 Petaling Jaya","RM 2,000",2200 sqft,Landed,Unfurnished,4 bath,4 bed,3 parking
the hub ss2,"RM 3,500",650 sqft,High-Rise,Fully furnished,1 bath,1 bed,1 parking
Kuchai Lama Shop Apartment,RM 980,900 sqft,High-Rise,Unfurnished,3 bath,3 bed,0 parking
midfields 2 condominium sungai besi,"RM 1,800",1155 sqft,High-Rise,Partially furnished,3 bath,3 bed,2 parking
the hub ss2,"RM 2,800",1094 sqft,High-Rise,Fully furnished,2 bath,2 bed,3 parking
centrestage,"RM 1,200",301 sqft,High-Rise,Partially furnished,1 bath,1 bed,1 parking
28 boulevard Cheras,"RM 1,500",450 sqft,High-Rise,Unfurnished,1 bath,1 bed,1 parking
tamarind condominium,"RM 2,400",1450 sqft,High-Rise,Fully furnished,4 bath,4 bed,1 parking
sri penara,RM 250,600 sqft,High-Rise,Partially furnished,4 bath,4 bed,0 parking
City View Cheras,"RM 2,000",1050 sqft,High-Rise,Fully furnished,2 bath,3 bed,2 parking
Union Flat @ Sentul Mansion,"RM 1,400",650 sqft,High-Rise,Unfurnished,3 bath,3 bed,0 parking
"Seventeen Residences, Petaling Jaya","RM 2,100",550 sqft,High-Rise,Fully furnished,1 bath,1 bed,1 parking
"Cara Vista, Tanjung Bungah",RM 500,1400 sqft,High-Rise,Unfurnished,2 bath,3 bed,1 parking
"Avenue D'Vogue, Petaling Jaya","RM 2,000",560 sqft,High-Rise,Fully furnished,1 bath,1 bed,1 parking
Midfields Condominium,"RM 1,500",1047 sqft,High-Rise,Partially furnished,0 bath,3 bed,2 parking
Regalia Suites,"RM 2,000",500 sqft,High-Rise,Fully furnished,0 bath,0 bed,0 parking
Pertama Residency. 100 M Away From MRT Taman Kobena Station,"RM 1,700",603 sqft,High-Rise,Fully furnished,1 bath,1 bed,1 parking
Bukit Pandan Condo,"RM 1,150",1100 sqft,High-Rise,Partially furnished,2 bath,3 bed,1 parking
Ceriaan Kiara,"RM 4,600",2036 sqft,High-Rise,Fully furnished,4 bath,3 bed,2 parking
"Bukit Desa Condo, taman desa","RM 2,100",1185 sqft,High-Rise,Fully furnished,3 bath,3 bed,1 parking
CENDANA APARTMENT CHERAS,"RM 1,050",650 sqft,High-Rise,Partially furnished,3 bath,3 bed,1 parking
PV 21,"RM 1,300",900 sqft,High-Rise,Partially furnished,2 bath,2 bed,1 parking
"Ampang Putra Residency, Ampang","RM 2,000",610 sqft,Landed,Fully furnished,1 bath,1 bed,1 parking
"permai seri apartment, ampang","RM 1,100",850 sqft,High-Rise,Partially furnished,3 bath,3 bed,1 parking
Prima Setapak Condominium,"RM 1,300",1000 sqft,High-Rise,Partially furnished,2 bath,3 bed,1 parking
Middle room for rent in Seksyen 14,RM 475,100 sqft,Landed,Partially furnished,1 bath,1 bed,0 parking
Royal Domain Sri Putramas 2,"RM 1,700",1400 sqft,High-Rise,Partially furnished,2 bath,3 bed,1 parking
The Elements,"RM 2,650",850 sqft,High-Rise,Fully furnished,2 bath,2 bed,1 parking
Sri Desa Condo,"RM 1,750",989 sqft,High-Rise,Fully furnished,3 bath,3 bed,1 parking
southbank residence,"RM 2,500",779 sqft,High-Rise,Fully furnished,2 bath,2 bed,1 parking
Taman Gasing Indah,"RM 2,200",2000 sqft,Landed,Partially furnished,3 bath,4 bed,2 parking
court 28 @ kl city,"RM 2,100",859 sqft,High-Rise,Partially furnished,3 bath,3 bed,1 parking
Axis Residence,RM 550,250 sqft,High-Rise,Partially furnished,1 bath,1 bed,0 parking
Middle Room for Rent - RM 700 (nego) - Damansara Jaya,RM 700,150 sqft,Landed,Partially furnished,1 bath,1 bed,0 parking
Seri Maya Condominium,"RM 1,200",1400 sqft,High-Rise,Fully furnished,2 bath,3 bed,1 parking
Menara Hartamas Condo,"RM 2,200",1600 sqft,High-Rise,Partially furnished,3 bath,4 bed,1 parking
"i-Zen Kiara II, Mont Kiara","RM 4,500",1300 sqft,High-Rise,Fully furnished,3 bath,3 bed,2 parking
Arte + @ Jalan Ampang,"RM 2,500",800 sqft,High-Rise,Fully furnished,2 bath,2 bed,1 parking
"Plaza Damas Studio, Sri Hartamas","RM 1,900",600 sqft,High-Rise,Fully furnished,1 bath,1 bed,0 parking
kiara east suite dex,"RM 1,900",722 sqft,High-Rise,Fully furnished,2 bath,2 bed,1 parking
Taman Desa landed house,RM 650,200 sqft,Landed,Partially furnished,1 bath,2 bed,2 parking
Sentul Village,"RM 1,500",1032 sqft,High-Rise,Partially furnished,3 bath,3 bed,1 parking
Double storey terrace,RM 450,1500 sqft,Landed,Fully furnished,1 bath,1 bed,2 parking
Vista Tasik Permaisuri,"RM 1,700",1230 sqft,High-Rise,Fully furnished,2 bath,3 bed,1 parking
3 towers @ kl city centre,"RM 1,550",421 sqft,High-Rise,Fully furnished,1 bath,1 bed,0 parking
Kojaya Condominium,"RM 1,500",950 sqft,High-Rise,Fully furnished,4 bath,4 bed,1 parking
seventeen residences,"RM 3,000",1800 sqft,High-Rise,Fully furnished,3 bath,3 bed,2 parking
vivo residential suites @ 9 seputeh condominium (nine seputeh),"RM 2,300",775 sqft,High-Rise,Partially furnished,2 bath,2 bed,1 parking
the elements,"RM 3,200",825 sqft,High-Rise,Fully furnished,2 bath,2 bed,1 parking
Flat 12,RM 750,650 sqft,High-Rise,Unfurnished,2 bath,2 bed,0 parking
vista damai condominium,"RM 1,100",900 sqft,High-Rise,Fully furnished,1 bath,1 bed,0 parking
"One Ampang Avenue, Ampang","RM 2,200",1400 sqft,High-Rise,Partially furnished,2 bath,3 bed,1 parking
"Section 10 Flat, Wangsa Maju",RM 900,550 sqft,High-Rise,Partially furnished,1 bath,1 bed,0 parking
Taman Miharja (Flat),"RM 1,100",580 sqft,High-Rise,Partially furnished,1 bath,2 bed,1 parking
Tamarind,"RM 2,800",1047 sqft,High-Rise,Fully furnished,3 bath,3 bed,2 parking
Desaru villa,"RM 4,500",3000 sqft,Landed,Fully furnished,3 bath,4 bed,2 parking
"Section 17, Petaling Jaya","RM 2,600",2000 sqft,Landed,Unfurnished,2 bath,4 bed,1 parking
jalan ayer panas baharu ,RM 350,1000 sqft,Landed,Partially furnished,4 bath,4 bed,2 parking
Meadow Park Kampar,"RM 1,500",1070 sqft,High-Rise,Fully furnished,4 bath,4 bed,1 parking
hampshire place,"RM 5,000",1344 sqft,High-Rise,Fully furnished,2 bath,2 bed,1 parking
"Rose Vista, Ampang","RM 5,454",12435 sqft,Landed,Unfurnished,1 bath,1 bed,0 parking
Changkat View Condominium,"RM 2,100",1100 sqft,High-Rise,Fully furnished,3 bath,3 bed,1 parking
midfields 2 condominium sungai besi,"RM 1,800",1111 sqft,High-Rise,Partially furnished,2 bath,3 bed,1 parking
maxwell towers,"RM 2,900",1800 sqft,High-Rise,Partially furnished,3 bath,3 bed,2 parking
288 residency,"RM 2,200",1408 sqft,High-Rise,Fully furnished,3 bath,4 bed,2 parking
"The Haute, Datuk Keramat Gurney","RM 2,500",1100 sqft,High-Rise,Fully furnished,3 bath,3 bed,2 parking
"Bukit Pandan 1 with air con, water heater & etc. (price negotiable)","RM 1,100",1100 sqft,High-Rise,Partially furnished,2 bath,3 bed,1 parking
Panorama sentul residence,"RM 1,690",1100 sqft,High-Rise,Partially furnished,2 bath,3 bed,1 parking
Citizen Queen Bed Room Rental ,"RM 1,000",1094 sqft,High-Rise,Fully furnished,1 bath,1 bed,2 parking
G Residence,"RM 2,900",1410 sqft,High-Rise,Partially furnished,2 bath,2 bed,2 parking
"PV21 Residensi, Setapak","RM 1,600",900 sqft,High-Rise,Partially furnished,2 bath,2 bed,1 parking
scott garden,"RM 1,800",775 sqft,High-Rise,Fully furnished,1 bath,1 bed,1 parking
Ampang Boulevard Condo,"RM 2,500",900 sqft,High-Rise,Unfurnished,2 bath,3 bed,1 parking
verve suites kl south,"RM 2,800",829 sqft,High-Rise,Fully furnished,2 bath,2 bed,2 parking
ameera residences,"RM 5,500",2756 sqft,High-Rise,Fully furnished,5 bath,5 bed,2 parking
Pacific 63,"RM 2,200",576 sqft,High-Rise,Fully furnished,1 bath,1 bed,1 parking
Villa Makmur,"RM 1,500",1200 sqft,High-Rise,Unfurnished,3 bath,3 bed,1 parking
FLAT INAI PANDAN INDAH LRT,"RM 1,000",650 sqft,High-Rise,Partially furnished,3 bath,3 bed,0 parking
"Ampang Boulevard, Ampang","RM 2,000",900 sqft,High-Rise,Unfurnished,2 bath,3 bed,1 parking
rivercity condominium,"RM 2,100",1276 sqft,High-Rise,Fully furnished,3 bath,3 bed,1 parking
Cengal Condominium ,"RM 1,700",1082 sqft,High-Rise,Fully furnished,3 bath,3 bed,2 parking
"Axis Residence, Pandan Indah","RM 1,800",739 sqft,High-Rise,Fully furnished,2 bath,2 bed,1 parking
MERCU SUMMER SUITE,"RM 5,500",790 sqft,High-Rise,Fully furnished,1 bath,1 bed,1 parking
Residensi Gurneymas,"RM 1,600",800 sqft,High-Rise,Unfurnished,3 bath,3 bed,1 parking
"tiara ampang condo, ampang","RM 2,500",1300 sqft,High-Rise,Partially furnished,3 bath,3 bed,1 parking
"Pacific 63, Petaling Jaya","RM 2,000",593 sqft,High-Rise,Fully furnished,1 bath,1 bed,1 parking
"jaya one residences, section 13, pj","RM 3,000",1200 sqft,High-Rise,Partially furnished,2 bath,2 bed,2 parking
d'sands residence,"RM 1,700",880 sqft,High-Rise,Partially furnished,2 bath,2 bed,0 parking
Sefina Mont Kiara,"RM 5,500",1333 sqft,High-Rise,Fully furnished,3 bath,3 bed,2 parking
MENARA BINTANG GOLDHILL,"RM 2,600",700 sqft,High-Rise,Fully furnished,1 bath,1 bed,1 parking
Arte+ Jalan Ampang,"RM 2,900",900 sqft,High-Rise,Fully furnished,2 bath,3 bed,2 parking
Irama Wangsa Condo,"RM 2,300",1206 sqft,High-Rise,Partially furnished,2 bath,3 bed,2 parking
Irama Wangsa Condo,"RM 2,300",1206 sqft,High-Rise,Partially furnished,2 bath,3 bed,2 parking
"Phileo Damansara 1, Petaling Jaya","RM 3,200",2181 sqft,High-Rise,Partially furnished,1 bath,1 bed,0 parking
"Seri Maya, Setiawangsa","RM 2,000",1250 sqft,High-Rise,Partially furnished,1 bath,1 bed,0 parking
Apartment sri mutiara condo near mahsing,RM 550,400 sqft,High-Rise,Unfurnished,1 bath,1 bed,0 parking
Parkview service luxury apartment,"RM 2,500",610 sqft,High-Rise,Fully furnished,1 bath,1 bed,0 parking
Infiniti 3 residences,"RM 3,000",1518 sqft,High-Rise,Fully furnished,4 bath,3 bed,2 parking
Taman Skyline,"RM 1,500",1800 sqft,Landed,Fully furnished,2 bath,3 bed,2 parking
pj8 service suite,"RM 2,200",700 sqft,High-Rise,Fully furnished,1 bath,1 bed,1 parking
"Single Premium Room At Kingsley Hill, Subang Jaya",RM 490,4821 sqft,Landed,Fully furnished,4 bath,4 bed,4 parking
Citizen @ Old Klang Road ,"RM 3,000",1094 sqft,High-Rise,Fully furnished,2 bath,3 bed,2 parking
casa damansara 1,"RM 2,000",850 sqft,High-Rise,Fully furnished,2 bath,3 bed,2 parking
Gabungan Profesional Dan Usahawan Bumiputera Anak Selangor,RM 600,6709 sqft,High-Rise,Unfurnished,1 bath,2 bed,0 parking
Saville Residence Midvalley OKR,"RM 3,400",1300 sqft,High-Rise,Fully furnished,3 bath,4 bed,2 parking
Sri Putramas 2 Condo (Royal Domain),"RM 1,800",1295 sqft,High-Rise,Partially furnished,2 bath,3 bed,1 parking
28 Boulevard,"RM 1,000",400 sqft,High-Rise,Partially furnished,1 bath,1 bed,1 parking
Sri Putramas 2 Condo (Royal Domain),"RM 1,800",1295 sqft,High-Rise,Partially furnished,2 bath,3 bed,1 parking
